,state_successful
0,1
1,0
2,0
3,1
4,1
5,1
6,1
7,1
8,1
9,1
10,1
11,1
12,1
13,0
14,1
15,0
16,0
17,0
18,0
19,1
20,1
21,1
22,1
23,1
24,1
25,1
26,1
27,1
28,0
29,1
30,0
31,1
32,1
33,1
34,1
35,1
36,0
37,0
38,1
39,0
40,1
41,1
42,1
43,1
44,1
45,1
46,1
47,1
48,0
49,1
50,1
51,1
52,1
53,1
54,0
55,1
56,0
57,0
58,1
59,0
60,1
61,1
62,1
63,1
64,1
65,0
66,1
67,0
68,1
69,1
70,1
71,0
72,0
73,1
74,1
75,1
76,1
77,0
78,1
79,0
80,1
81,0
82,0
83,1
84,1
85,1
86,0
87,0
88,1
89,0
90,1
91,1
92,1
93,0
94,1
95,1
96,0
97,1
98,0
99,1
100,1
101,1
102,1
103,1
104,1
105,0
106,0
107,1
108,0
109,0
110,1
111,1
112,0
113,1
114,1
115,1
116,1
117,1
118,1
119,0
120,0
121,1
122,0
123,1
124,1
125,1
126,1
127,1
128,1
129,1
130,1
131,0
132,0
133,1
134,1
135,1
136,1
137,1
138,1
139,1
140,1
141,0
142,1
143,1
144,0
145,0
146,0
147,1
148,0
149,0
150,1
151,0
152,1
153,1
154,0
155,1
156,0
157,1
158,0
159,1
160,1
161,1
162,0
163,0
164,1
165,1
166,1
167,1
168,0
169,0
170,0
171,0
172,1
173,1
174,1
175,1
176,0
177,1
178,1
179,1
180,1
181,1
182,1
183,0
184,0
185,1
186,1
187,1
188,1
189,0
190,1
191,0
192,0
193,1
194,1
195,1
196,1
197,1
198,1
199,0
200,0
201,0
202,1
203,0
204,1
205,0
206,0
207,0
208,1
209,1
210,1
211,0
212,0
213,1
214,1
215,0
216,0
217,1
218,1
219,1
220,1
221,0
222,1
223,1
224,0
225,0
226,1
227,1
228,1
229,1
230,0
231,0
232,0
233,0
234,1
235,1
236,0
237,1
238,1
239,1
240,1
241,0
242,1
243,1
244,1
245,1
246,0
247,1
248,0
249,0
250,1
251,1
252,0
253,0
254,1
255,1
256,1
257,1
258,0
259,0
260,0
261,0
262,0
263,1
264,1
265,0
266,0
267,1
268,1
269,1
270,1
271,1
272,0
273,1
274,0
275,1
276,0
277,1
278,0
279,1
280,1
281,0
282,1
283,0
284,0
285,0
286,0
287,1
288,0
289,1
290,0
291,1
292,0
293,0
294,1
295,1
296,0
297,1
298,1
299,1
300,1
301,0
302,1
303,0
304,1
305,1
306,0
307,1
308,1
309,1
310,0
311,0
312,0
313,1
314,1
315,1
316,1
317,1
318,0
319,1
320,0
321,1
322,0
323,1
324,1
325,1
326,1
327,0
328,0
329,0
330,0
331,1
332,0
333,1
334,1
335,1
336,0
337,1
338,1
339,1
340,1
341,0
342,1
343,0
344,1
345,0
346,1
347,0
348,0
349,0
350,1
351,0
352,1
353,1
354,1
355,0
356,1
357,1
358,1
359,0
360,1
361,1
362,1
363,0
364,0
365,0
366,1
367,1
368,1
369,0
370,1
371,1
372,1
373,1
374,1
375,1
376,1
377,0
378,0
379,1
380,0
381,0
382,0
383,1
384,1
385,1
386,1
387,1
388,1
389,1
390,1
391,1
392,0
393,1
394,1
395,1
396,1
397,0
398,0
399,1
400,0
401,0
402,1
403,1
404,1
405,1
406,1
407,1
408,1
409,1
410,1
411,1
412,0
413,1
414,1
415,1
416,1
417,1
418,1
419,1
420,1
421,0
422,0
423,0
424,0
425,0
426,1
427,1
428,1
429,1
430,1
431,1
432,1
433,1
434,0
435,0
436,1
437,1
438,1
439,1
440,1
441,1
442,1
443,1
444,1
445,1
446,1
447,1
448,1
449,1
450,1
451,0
452,0
453,1
454,1
455,1
456,1
457,1
458,1
459,0
460,1
461,0
462,1
463,0
464,1
465,0
466,1
467,0
468,1
469,1
470,1
471,0
472,1
473,1
474,1
475,1
476,0
477,1
478,1
479,1
480,0
481,0
482,0
483,0
484,1
485,0
486,1
487,1
488,1
489,0
490,1
491,1
492,1
493,0
494,1
495,0
496,0
497,1
498,1
499,0
500,1
501,1
502,0
503,0
504,0
505,1
506,1
507,0
508,1
509,0
510,1
511,1
512,0
513,0
514,0
515,1
516,1
517,1
518,1
519,0
520,0
521,1
522,1
523,1
524,0
525,1
526,1
527,0
528,1
529,1
530,1
531,1
532,1
533,0
534,0
535,1
536,0
537,0
538,1
539,1
540,1
541,1
542,1
543,1
544,1
545,1
546,1
547,1
548,1
549,1
550,0
551,1
552,1
553,1
554,0
555,1
556,1
557,1
558,1
559,1
560,1
561,0
562,1
563,0
564,1
565,0
566,1
567,1
568,0
569,1
570,0
571,1
572,0
573,0
574,0
575,0
576,1
577,1
578,1
579,1
580,1
581,1
582,0
583,0
584,0
585,1
586,0
587,0
588,1
589,0
590,0
591,0
592,0
593,1
594,0
595,0
596,1
597,0
598,0
599,1
600,0
601,1
602,0
603,1
604,1
605,0
606,1
607,1
608,1
609,1
610,0
611,1
612,1
613,1
614,0
615,0
616,0
617,1
618,1
619,1
620,0
621,0
622,0
623,0
624,0
625,1
626,0
627,0
628,1
629,0
630,0
631,0
632,1
633,0
634,0
635,0
636,1
637,1
638,1
639,1
640,1
641,1
642,0
643,0
644,0
645,0
646,1
647,0
648,1
649,0
650,1
651,1
652,1
653,0
654,1
655,1
656,1
657,0
658,1
659,1
660,1
661,0
662,1
663,0
664,1
665,1
666,1
667,1
668,1
669,0
670,1
671,1
672,1
673,1
674,0
675,1
676,1
677,1
678,0
679,1
680,0
681,1
682,1
683,0
684,1
685,1
686,1
687,1
688,1
689,1
690,0
691,1
692,0
693,1
694,0
695,1
696,0
697,1
698,0
699,0
700,1
701,1
702,0
703,0
704,1
705,1
706,1
707,0
708,1
709,1
710,1
711,1
712,0
713,0
714,0
715,0
716,0
717,0
718,1
719,0
720,1
721,1
722,1
723,1
724,0
725,1
726,1
727,1
728,0
729,0
730,1
731,0
732,1
733,1
734,1
735,0
736,0
737,0
738,0
739,0
740,1
741,1
742,0
743,1
744,0
745,1
746,1
747,0
748,1
749,1
750,0
751,1
752,1
753,1
754,0
755,1
756,1
757,1
758,0
759,1
760,1
761,1
762,0
763,1
764,1
765,1
766,0
767,1
768,1
769,1
770,1
771,0
772,1
773,1
774,1
775,0
776,1
777,0
778,0
779,0
780,0
781,1
782,1
783,1
784,1
785,1
786,0
787,0
788,1
789,1
790,0
791,1
792,1
793,1
794,1
795,1
796,1
797,1
798,1
799,1
800,0
801,1
802,0
803,0
804,0
805,0
806,1
807,1
808,1
809,1
810,1
811,1
812,1
813,0
814,1
815,1
816,0
817,0
818,1
819,0
820,0
821,1
822,0
823,0
824,0
825,0
826,1
827,1
828,1
829,1
830,1
831,1
832,1
833,1
834,1
835,1
836,1
837,0
838,0
839,1
840,1
841,1
842,1
843,1
844,0
845,1
846,1
847,1
848,0
849,1
850,0
851,0
852,1
853,1
854,0
855,0
856,0
857,1
858,1
859,0
860,1
861,0
862,0
863,0
864,0
865,1
866,0
867,1
868,1
869,1
870,1
871,0
872,1
873,1
874,0
875,0
876,1
877,1
878,1
879,0
880,0
881,1
882,0
883,0
884,1
885,1
886,1
887,1
888,1
889,1
890,1
891,1
892,0
893,1
894,1
895,1
896,0
897,1
898,1
899,1
900,0
901,1
902,1
903,1
904,1
905,1
906,0
907,0
908,0
909,0
910,0
911,1
912,0
913,0
914,0
915,0
916,1
917,0
918,0
919,1
920,0
921,1
922,1
923,1
924,1
925,0
926,1
927,1
928,1
929,1
930,1
931,0
932,1
933,1
934,1
935,1
936,1
937,1
938,0
939,0
940,1
941,1
942,1
943,1
944,0
945,1
946,0
947,1
948,1
949,0
950,1
951,1
952,1
953,0
954,1
955,1
956,1
957,1
958,1
959,1
960,0
961,0
962,1
963,1
964,0
965,1
966,1
967,0
968,0
969,1
970,1
971,1
972,1
973,1
974,1
975,1
976,0
977,0
978,1
979,1
980,1
981,1
982,1
983,1
984,1
985,0
986,1
987,1
988,1
989,1
990,1
991,1
992,1
993,1
994,0
995,0
996,1
997,0
998,1
999,0
1000,1
1001,0
1002,1
1003,1
1004,1
1005,0
1006,1
1007,0
1008,0
1009,1
1010,0
1011,1
1012,1
1013,0
1014,1
1015,1
1016,1
1017,1
1018,0
1019,1
1020,0
1021,1
1022,0
1023,1
1024,0
1025,0
1026,0
1027,0
1028,1
1029,1
1030,1
1031,0
1032,1
1033,0
1034,0
1035,1
1036,1
1037,1
1038,1
1039,0
1040,0
1041,0
1042,1
1043,1
1044,1
1045,0
1046,1
1047,0
1048,1
1049,1
1050,0
1051,1
1052,0
1053,1
1054,1
1055,1
1056,1
1057,1
1058,1
1059,1
1060,1
1061,0
1062,1
1063,1
1064,1
1065,1
1066,1
1067,1
1068,1
1069,0
1070,1
1071,1
1072,0
1073,1
1074,0
1075,0
1076,1
1077,0
1078,0
1079,1
1080,0
1081,1
1082,0
1083,0
1084,0
1085,0
1086,1
1087,1
1088,1
1089,1
1090,1
1091,0
1092,1
1093,1
1094,0
1095,0
1096,0
1097,1
1098,0
1099,0
1100,1
1101,1
1102,1
1103,1
1104,0
1105,1
1106,0
1107,0
1108,0
1109,0
1110,0
1111,1
1112,0
1113,1
1114,0
1115,0
1116,1
1117,0
1118,1
1119,1
1120,1
1121,1
1122,1
1123,1
1124,0
1125,1
1126,0
1127,1
1128,1
1129,0
1130,1
1131,1
1132,1
1133,1
1134,0
1135,0
1136,0
1137,1
1138,1
1139,0
1140,1
1141,1
1142,1
1143,1
1144,1
1145,1
1146,1
1147,0
1148,0
1149,1
1150,1
1151,0
1152,1
1153,1
1154,0
1155,0
1156,1
1157,0
1158,1
1159,1
1160,1
1161,0
1162,0
1163,1
1164,0
1165,0
1166,1
1167,0
1168,1
1169,0
1170,1
1171,1
1172,1
1173,1
1174,1
1175,1
1176,0
1177,1
1178,1
1179,1
1180,0
1181,1
1182,0
1183,1
1184,1
1185,1
1186,1
1187,1
1188,1
1189,1
1190,1
1191,1
1192,1
1193,1
1194,0
1195,1
1196,1
1197,1
1198,0
1199,1
1200,1
1201,1
1202,1
1203,0
1204,0
1205,0
1206,1
1207,0
1208,0
1209,1
1210,0
1211,0
1212,1
1213,1
1214,0
1215,1
1216,1
1217,0
1218,1
1219,0
1220,0
1221,1
1222,1
1223,1
1224,1
1225,1
1226,0
1227,0
1228,1
1229,0
1230,0
1231,1
1232,0
1233,0
1234,0
1235,0
1236,1
1237,0
1238,0
1239,0
1240,0
1241,0
1242,0
1243,1
1244,1
1245,0
1246,1
1247,0
1248,1
1249,1
1250,1
1251,0
1252,0
1253,1
1254,1
1255,1
1256,1
1257,1
1258,1
1259,0
1260,1
1261,1
1262,0
1263,1
1264,1
1265,0
1266,0
1267,1
1268,1
1269,1
1270,1
1271,0
1272,1
1273,1
1274,0
1275,0
1276,1
1277,1
1278,0
1279,1
1280,0
1281,1
1282,1
1283,1
1284,1
1285,1
1286,1
1287,0
1288,1
1289,0
1290,1
1291,0
1292,1
1293,0
1294,1
1295,1
1296,0
1297,0
1298,0
1299,1
1300,1
1301,1
1302,0
1303,1
1304,1
1305,0
1306,0
1307,0
1308,0
1309,1
1310,1
1311,1
1312,1
1313,0
1314,1
1315,1
1316,1
1317,0
1318,0
1319,0
1320,0
1321,0
1322,0
1323,1
1324,0
1325,1
1326,1
1327,0
1328,0
1329,0
1330,0
1331,0
1332,1
1333,0
1334,1
1335,0
1336,1
1337,1
1338,0
1339,1
1340,0
1341,0
1342,1
1343,1
1344,1
1345,1
1346,1
1347,1
1348,1
1349,1
1350,0
1351,1
1352,1
1353,1
1354,0
1355,1
1356,0
1357,1
1358,0
1359,0
1360,0
1361,0
1362,1
1363,0
1364,1
1365,0
1366,0
1367,1
1368,0
1369,0
1370,1
1371,1
1372,1
1373,1
1374,1
1375,1
1376,1
1377,1
1378,0
1379,1
1380,1
1381,0
1382,1
1383,0
1384,0
1385,1
1386,0
1387,1
1388,0
1389,1
1390,1
1391,1
1392,0
1393,1
1394,0
1395,0
1396,0
1397,1
1398,1
1399,1
1400,0
1401,1
1402,0
1403,1
1404,1
1405,0
1406,0
1407,1
1408,0
1409,0
1410,0
1411,1
1412,1
1413,1
1414,1
1415,1
1416,1
1417,1
1418,1
1419,0
1420,0
1421,1
1422,1
1423,1
1424,1
1425,1
1426,0
1427,1
1428,0
1429,0
1430,1
1431,1
1432,0
1433,1
1434,0
1435,0
1436,0
1437,0
1438,0
1439,1
1440,1
1441,1
1442,1
1443,1
1444,1
1445,0
1446,0
1447,0
1448,0
1449,0
1450,0
1451,1
1452,1
1453,1
1454,0
1455,0
1456,1
1457,0
1458,0
1459,1
1460,0
1461,0
1462,1
1463,0
1464,1
1465,1
1466,0
1467,0
1468,0
1469,0
1470,1
1471,1
1472,1
1473,0
1474,0
1475,0
1476,1
1477,0
1478,1
1479,1
1480,1
1481,1
1482,1
1483,1
1484,1
1485,1
1486,0
1487,0
1488,0
1489,0
1490,0
1491,1
1492,1
1493,0
1494,0
1495,0
1496,1
1497,0
1498,0
1499,0
1500,0
1501,0
1502,0
1503,0
1504,0
1505,1
1506,0
1507,0
1508,1
1509,1
1510,1
1511,0
1512,0
1513,1
1514,1
1515,1
1516,0
1517,1
1518,1
1519,0
1520,1
1521,0
1522,0
1523,1
1524,0
1525,1
1526,0
1527,0
1528,0
1529,1
1530,1
1531,0
1532,0
1533,0
1534,1
1535,1
1536,1
1537,0
1538,1
1539,1
1540,0
1541,0
1542,0
1543,0
1544,0
1545,1
1546,1
1547,0
1548,1
1549,0
1550,0
1551,0
1552,1
1553,1
1554,0
1555,1
1556,0
1557,0
1558,1
1559,0
1560,0
1561,1
1562,0
1563,0
1564,0
1565,1
1566,1
1567,1
1568,1
1569,0
1570,0
1571,0
1572,1
1573,0
1574,0
1575,0
1576,1
1577,1
1578,0
1579,1
1580,1
1581,1
1582,1
1583,0
1584,0
1585,0
1586,1
1587,1
1588,1
1589,1
1590,1
1591,0
1592,0
1593,1
1594,1
1595,0
1596,0
1597,1
1598,0
1599,1
1600,0
1601,1
1602,1
1603,0
1604,0
1605,0
1606,1
1607,0
1608,1
1609,0
1610,0
1611,1
1612,1
1613,0
1614,0
1615,0
1616,1
1617,0
1618,1
1619,0
1620,1
1621,1
1622,1
1623,0
1624,0
1625,0
1626,1
1627,1
1628,1
1629,1
1630,1
1631,1
1632,0
1633,0
1634,1
1635,1
1636,0
1637,0
1638,0
1639,0
1640,0
1641,0
1642,1
1643,1
1644,1
1645,0
1646,1
1647,1
1648,1
1649,0
1650,0
1651,1
1652,1
1653,1
1654,0
1655,1
1656,1
1657,0
1658,1
1659,0
1660,0
1661,0
1662,0
1663,0
1664,0
1665,1
1666,1
1667,0
1668,1
1669,0
1670,0
1671,0
1672,0
1673,0
1674,0
1675,1
1676,1
1677,1
1678,1
1679,1
1680,1
1681,0
1682,1
1683,0
1684,1
1685,0
1686,1
1687,0
1688,1
1689,1
1690,1
1691,0
1692,0
1693,1
1694,0
1695,1
1696,1
1697,0
1698,0
1699,1
1700,1
1701,0
1702,1
1703,0
1704,0
1705,1
1706,0
1707,1
1708,1
1709,1
1710,0
1711,0
1712,0
1713,1
1714,1
1715,0
1716,1
1717,0
1718,0
1719,0
1720,0
1721,0
1722,1
1723,1
1724,0
1725,1
1726,0
1727,1
1728,0
1729,0
1730,0
1731,0
1732,1
1733,1
1734,0
1735,0
1736,0
1737,1
1738,0
1739,1
1740,0
1741,1
1742,0
1743,1
1744,1
1745,1
1746,0
1747,0
1748,1
1749,1
1750,1
1751,0
1752,0
1753,0
1754,0
1755,0
1756,0
1757,0
1758,0
1759,1
1760,0
1761,1
1762,0
1763,0
1764,1
1765,1
1766,0
1767,1
1768,0
1769,0
1770,1
1771,1
1772,0
1773,0
1774,0
1775,0
1776,0
1777,1
1778,1
1779,0
1780,0
1781,0
1782,0
1783,1
1784,1
1785,1
1786,1
1787,1
1788,1
1789,1
1790,0
1791,1
1792,0
1793,1
1794,0
1795,1
1796,1
1797,0
1798,1
1799,0
1800,0
1801,1
1802,0
1803,1
1804,1
1805,1
1806,0
1807,0
1808,0
1809,0
1810,0
1811,0
1812,0
1813,0
1814,1
1815,0
1816,0
1817,0
1818,1
1819,0
1820,1
1821,1
1822,0
1823,0
1824,1
1825,0
1826,0
1827,1
1828,1
1829,0
1830,1
1831,1
1832,1
1833,0
1834,1
1835,1
1836,1
1837,0
1838,0
1839,0
1840,0
1841,0
1842,1
1843,0
1844,0
1845,1
1846,1
1847,1
1848,1
1849,0
1850,1
1851,1
1852,0
1853,1
1854,1
1855,1
1856,1
1857,1
1858,1
1859,0
1860,0
1861,1
1862,0
1863,1
1864,1
1865,1
1866,0
1867,1
1868,0
1869,0
1870,1
1871,0
1872,0
1873,0
1874,1
1875,1
1876,1
1877,1
1878,0
1879,1
1880,1
1881,0
1882,1
1883,1
1884,1
1885,1
1886,1
1887,1
1888,0
1889,0
1890,0
1891,1
1892,0
1893,1
1894,1
1895,1
1896,1
1897,1
1898,0
1899,0
1900,0
1901,1
1902,0
1903,0
1904,1
1905,1
1906,1
1907,0
1908,1
1909,1
1910,1
1911,0
1912,1
1913,0
1914,0
1915,0
1916,1
1917,1
1918,1
1919,1
1920,1
1921,0
1922,0
1923,1
1924,0
1925,1
1926,0
1927,0
1928,1
1929,1
1930,0
1931,1
1932,0
1933,0
1934,0
1935,1
1936,0
1937,0
1938,0
1939,1
1940,1
1941,1
1942,1
1943,1
1944,1
1945,1
1946,1
1947,1
1948,1
1949,0
1950,0
1951,0
1952,1
1953,1
1954,0
1955,1
1956,1
1957,1
1958,0
1959,0
1960,1
1961,1
1962,1
1963,1
1964,1
1965,0
1966,0
1967,0
1968,0
1969,0
1970,1
1971,1
1972,0
1973,0
1974,0
1975,1
1976,1
1977,0
1978,1
1979,1
1980,1
1981,1
1982,0
1983,0
1984,1
1985,1
1986,0
1987,1
1988,1
1989,0
1990,1
1991,1
1992,0
1993,1
1994,1
1995,0
1996,1
1997,0
1998,0
1999,0
2000,0
2001,0
2002,1
2003,0
2004,1
2005,1
2006,0
2007,0
2008,0
2009,1
2010,1
2011,0
2012,1
2013,1
2014,1
2015,0
2016,1
2017,1
2018,0
2019,0
2020,1
2021,0
2022,1
2023,0
2024,0
2025,0
2026,0
2027,0
2028,1
2029,1
2030,1
2031,1
2032,1
2033,0
2034,1
2035,1
2036,0
2037,1
2038,1
2039,0
2040,1
2041,0
2042,1
2043,0
2044,1
2045,0
2046,1
2047,0
2048,1
2049,0
2050,1
2051,0
2052,1
2053,1
2054,0
2055,0
2056,1
2057,0
2058,0
2059,0
2060,0
2061,1
2062,0
2063,0
2064,0
2065,1
2066,0
2067,1
2068,0
2069,1
2070,0
2071,0
2072,1
2073,1
2074,0
2075,1
2076,1
2077,0
2078,1
2079,0
2080,0
2081,0
2082,1
2083,0
2084,1
2085,1
2086,0
2087,1
2088,1
2089,1
2090,1
2091,0
2092,1
2093,0
2094,1
2095,1
2096,0
2097,0
2098,1
2099,0
2100,1
2101,1
2102,1
2103,1
2104,1
2105,0
2106,0
2107,1
2108,1
2109,1
2110,1
2111,1
2112,1
2113,1
2114,1
2115,1
2116,1
2117,1
2118,0
2119,1
2120,1
2121,1
2122,1
2123,1
2124,0
2125,1
2126,1
2127,1
2128,0
2129,0
2130,1
2131,1
2132,1
2133,1
2134,0
2135,0
2136,1
2137,1
2138,1
2139,0
2140,1
2141,1
2142,1
2143,1
2144,0
2145,1
2146,1
2147,1
2148,1
2149,0
2150,1
2151,1
2152,0
2153,1
2154,0
2155,1
2156,0
2157,0
2158,0
2159,0
2160,1
2161,0
2162,0
2163,1
2164,0
2165,1
2166,1
2167,1
2168,1
2169,0
2170,1
2171,1
2172,1
2173,1
2174,0
2175,1
2176,0
2177,1
2178,0
2179,1
2180,1
2181,1
2182,1
2183,0
2184,0
2185,1
2186,1
2187,0
2188,0
2189,1
2190,1
2191,1
2192,0
2193,1
2194,0
2195,0
2196,0
2197,0
2198,1
2199,1
2200,0
2201,1
2202,1
2203,1
2204,0
2205,1
2206,1
2207,0
2208,0
2209,0
2210,1
2211,0
2212,1
2213,0
2214,1
2215,1
2216,1
2217,1
2218,1
2219,1
2220,0
2221,1
2222,1
2223,1
2224,0
2225,1
2226,0
2227,0
2228,0
2229,1
2230,1
2231,1
2232,0
2233,1
2234,1
2235,0
2236,1
2237,1
2238,1
2239,1
2240,1
2241,1
2242,0
2243,0
2244,0
2245,0
2246,1
2247,0
2248,0
2249,1
2250,0
2251,0
2252,1
2253,0
2254,1
2255,1
2256,1
2257,1
2258,1
2259,1
2260,1
2261,1
2262,1
2263,1
2264,0
2265,1
2266,1
2267,0
2268,1
2269,1
2270,0
2271,0
2272,0
2273,1
2274,1
2275,0
2276,1
2277,1
2278,0
2279,1
2280,0
2281,1
2282,1
2283,1
2284,0
2285,1
2286,1
2287,1
2288,1
2289,1
2290,1
2291,1
2292,0
2293,1
2294,1
2295,1
2296,0
2297,0
2298,0
2299,0
2300,1
2301,0
2302,0
2303,1
2304,1
2305,1
2306,0
2307,0
2308,1
2309,1
2310,1
2311,1
2312,0
2313,1
2314,0
2315,1
2316,1
2317,1
2318,0
2319,0
2320,1
2321,0
2322,1
2323,1
2324,0
2325,1
2326,1
2327,1
2328,0
2329,0
2330,1
2331,0
2332,1
2333,0
2334,1
2335,0
2336,0
2337,0
2338,1
2339,1
2340,1
2341,1
2342,1
2343,0
2344,1
2345,1
2346,0
2347,1
2348,0
2349,0
2350,1
2351,0
2352,1
2353,1
2354,0
2355,1
2356,1
2357,1
2358,1
2359,0
2360,1
2361,0
2362,1
2363,0
2364,1
2365,0
2366,0
2367,0
2368,0
2369,1
2370,0
2371,0
2372,1
2373,0
2374,0
2375,1
2376,1
2377,1
2378,1
2379,1
2380,0
2381,0
2382,1
2383,1
2384,1
2385,0
2386,0
2387,0
2388,1
2389,1
2390,0
2391,0
2392,0
2393,0
2394,1
2395,0
2396,0
2397,0
2398,0
2399,0
2400,1
2401,1
2402,1
2403,0
2404,0
2405,0
2406,1
2407,1
2408,0
2409,1
2410,0
2411,0
2412,1
2413,1
2414,0
2415,0
2416,0
2417,1
2418,1
2419,0
2420,1
2421,0
2422,0
2423,1
2424,1
2425,1
2426,1
2427,1
2428,0
2429,0
2430,1
2431,1
2432,0
2433,0
2434,1
2435,0
2436,0
2437,1
2438,1
2439,1
2440,0
2441,0
2442,0
2443,1
2444,0
2445,0
2446,1
2447,0
2448,0
2449,1
2450,0
2451,0
2452,1
2453,1
2454,1
2455,0
2456,1
2457,1
2458,1
2459,0
2460,0
2461,1
2462,1
2463,0
2464,0
2465,0
2466,1
2467,1
2468,0
2469,1
2470,1
2471,0
2472,1
2473,1
2474,0
2475,0
2476,1
2477,0
2478,1
2479,1
2480,0
2481,1
2482,1
2483,1
2484,1
2485,1
2486,1
2487,1
2488,0
2489,1
2490,0
2491,0
2492,0
2493,0
2494,1
2495,0
2496,0
2497,1
2498,1
2499,1
2500,1
2501,1
2502,1
2503,1
2504,0
2505,1
2506,0
2507,0
2508,1
2509,1
2510,1
2511,0
2512,0
2513,1
2514,1
2515,0
2516,0
2517,0
2518,0
2519,1
2520,1
2521,0
2522,0
2523,1
2524,1
2525,0
2526,1
2527,0
2528,1
2529,1
2530,1
2531,1
2532,0
2533,0
2534,1
2535,1
2536,1
2537,1
2538,1
2539,1
2540,1
2541,0
2542,1
2543,1
2544,0
2545,1
2546,0
2547,1
2548,0
2549,0
2550,1
2551,0
2552,0
2553,0
2554,0
2555,1
2556,0
2557,1
2558,1
2559,1
2560,0
2561,0
2562,1
2563,1
2564,1
2565,0
2566,1
2567,1
2568,1
2569,1
2570,1
2571,1
2572,1
2573,1
2574,0
2575,0
2576,0
2577,1
2578,1
2579,1
2580,1
2581,1
2582,0
2583,1
2584,1
2585,1
2586,0
2587,0
2588,0
2589,1
2590,0
2591,1
2592,0
2593,1
2594,1
2595,0
2596,1
2597,0
2598,1
2599,1
2600,0
2601,1
2602,0
2603,1
2604,0
2605,1
2606,0
2607,1
2608,0
2609,0
2610,1
2611,1
2612,1
2613,1
2614,1
2615,1
2616,1
2617,1
2618,0
2619,1
2620,1
2621,1
2622,1
2623,0
2624,1
2625,1
2626,1
2627,1
2628,1
2629,0
2630,0
2631,1
2632,1
2633,1
2634,0
2635,1
2636,0
2637,0
2638,1
2639,1
2640,1
2641,1
2642,1
2643,1
2644,1
2645,1
2646,0
2647,1
2648,1
2649,1
2650,0
2651,0
2652,1
2653,0
2654,0
2655,1
2656,1
2657,1
2658,0
2659,1
2660,0
2661,1
2662,0
2663,1
2664,1
2665,0
2666,1
2667,1
2668,0
2669,1
2670,1
2671,0
2672,1
2673,0
2674,0
2675,1
2676,0
2677,1
2678,1
2679,0
2680,1
2681,1
2682,1
2683,0
2684,1
2685,1
2686,0
2687,1
2688,0
2689,0
2690,1
2691,0
2692,0
2693,1
2694,1
2695,1
2696,1
2697,1
2698,1
2699,0
2700,1
2701,1
2702,0
2703,0
2704,0
2705,1
2706,1
2707,1
2708,0
2709,1
2710,1
2711,0
2712,1
2713,1
2714,1
2715,1
2716,1
2717,1
2718,0
2719,1
2720,1
2721,1
2722,1
2723,1
2724,1
2725,0
2726,1
2727,1
2728,1
2729,0
2730,1
2731,1
2732,1
2733,1
2734,1
2735,1
2736,1
2737,1
2738,0
2739,0
2740,1
2741,1
2742,0
2743,1
2744,0
2745,1
2746,1
2747,1
2748,0
2749,0
2750,0
2751,0
2752,0
2753,0
2754,0
2755,0
2756,1
2757,0
2758,1
2759,1
2760,1
2761,1
2762,1
2763,1
2764,0
2765,0
2766,1
2767,0
2768,0
2769,0
2770,1
2771,1
2772,1
2773,1
2774,1
2775,1
2776,1
2777,1
2778,1
2779,1
2780,1
2781,0
2782,1
2783,0
2784,1
2785,1
2786,0
2787,1
2788,1
2789,1
2790,0
2791,1
2792,0
2793,0
2794,1
2795,0
2796,0
2797,0
2798,1
2799,1
2800,1
2801,1
2802,1
2803,0
2804,1
2805,0
2806,0
2807,1
2808,0
2809,0
2810,1
2811,1
2812,1
2813,0
2814,0
2815,0
2816,1
2817,1
2818,0
2819,1
2820,1
2821,1
2822,1
2823,1
2824,0
2825,1
2826,0
2827,1
2828,1
2829,1
2830,1
2831,1
2832,1
2833,1
2834,0
2835,0
2836,1
2837,1
2838,1
2839,0
2840,1
2841,1
2842,1
2843,1
2844,1
2845,1
2846,0
2847,1
2848,1
2849,0
2850,0
2851,1
2852,1
2853,1
2854,1
2855,1
2856,0
2857,0
2858,1
2859,0
2860,1
2861,1
2862,1
2863,1
2864,1
2865,1
2866,1
2867,1
2868,1
2869,1
2870,1
2871,1
2872,1
2873,0
2874,0
2875,0
2876,1
2877,0
2878,0
2879,1
2880,0
2881,1
2882,1
2883,1
2884,1
2885,1
2886,1
2887,1
2888,0
2889,0
2890,0
2891,1
2892,1
2893,0
2894,0
2895,1
2896,0
2897,1
2898,1
2899,1
2900,1
2901,1
2902,0
2903,0
2904,0
2905,1
2906,1
2907,0
2908,1
2909,1
2910,0
2911,0
2912,0
2913,0
2914,0
2915,0
2916,0
2917,1
2918,0
2919,0
2920,1
2921,1
2922,1
2923,0
2924,1
2925,0
2926,1
2927,1
2928,0
2929,1
2930,1
2931,0
2932,1
2933,1
2934,1
2935,1
2936,1
2937,1
2938,1
2939,1
2940,1
2941,1
2942,0
2943,1
2944,0
2945,1
2946,1
2947,1
2948,1
2949,1
2950,1
2951,1
2952,1
2953,0
2954,0
2955,0
2956,1
2957,1
2958,1
2959,1
2960,1
2961,1
2962,1
2963,1
2964,0
2965,1
2966,1
2967,1
2968,1
2969,1
2970,0
2971,0
2972,0
2973,0
2974,0
2975,1
2976,0
2977,1
2978,1
2979,1
2980,0
2981,1
2982,1
2983,1
2984,1
2985,1
2986,0
2987,1
2988,0
2989,1
2990,1
2991,1
2992,0
2993,0
2994,1
2995,0
2996,1
2997,0
2998,1
2999,1
3000,1
3001,0
3002,1
3003,1
3004,1
3005,1
3006,0
3007,1
3008,0
3009,0
3010,1
3011,1
3012,0
3013,1
3014,0
3015,0
3016,1
3017,1
3018,0
3019,1
3020,1
3021,0
3022,1
3023,1
3024,1
3025,0
3026,1
3027,0
3028,1
3029,0
3030,1
3031,1
3032,0
3033,0
3034,1
3035,0
3036,1
3037,1
3038,1
3039,1
3040,1
3041,1
3042,1
3043,0
3044,1
3045,1
3046,1
3047,0
3048,1
3049,1
3050,0
3051,0
3052,1
3053,1
3054,0
3055,0
3056,1
3057,1
3058,1
3059,0
3060,0
3061,1
3062,1
3063,0
3064,1
3065,1
3066,0
3067,1
3068,0
3069,1
3070,1
3071,1
3072,1
3073,1
3074,1
3075,1
3076,1
3077,1
3078,1
3079,0
3080,1
3081,1
3082,1
3083,1
3084,0
3085,1
3086,1
3087,0
3088,1
3089,0
3090,0
3091,1
3092,1
3093,1
3094,0
3095,0
3096,1
3097,1
3098,1
3099,1
3100,1
3101,0
3102,1
3103,0
3104,0
3105,0
3106,0
3107,0
3108,1
3109,0
3110,1
3111,1
3112,0
3113,1
3114,1
3115,1
3116,0
3117,1
3118,1
3119,0
3120,0
3121,1
3122,0
3123,0
3124,0
3125,0
3126,1
3127,1
3128,0
3129,0
3130,0
3131,1
3132,1
3133,1
3134,0
3135,1
3136,0
3137,1
3138,1
3139,1
3140,1
3141,0
3142,1
3143,1
3144,1
3145,0
3146,1
3147,1
3148,1
3149,0
3150,1
3151,1
3152,1
3153,1
3154,0
3155,0
3156,1
3157,0
3158,1
3159,1
3160,0
3161,1
3162,1
3163,1
3164,1
3165,0
3166,0
3167,1
3168,1
3169,1
3170,0
3171,0
3172,1
3173,0
3174,0
3175,1
3176,0
3177,0
3178,0
3179,0
3180,1
3181,0
3182,0
3183,0
3184,0
3185,0
3186,0
3187,0
3188,0
3189,1
3190,1
3191,1
3192,1
3193,1
3194,0
3195,1
3196,1
3197,0
3198,0
3199,1
3200,1
3201,1
3202,1
3203,0
3204,0
3205,1
3206,1
3207,1
3208,1
3209,1
3210,0
3211,0
3212,0
3213,1
3214,1
3215,1
3216,1
3217,1
3218,0
3219,0
3220,0
3221,1
3222,1
3223,1
3224,0
3225,0
3226,1
3227,1
3228,0
3229,0
3230,1
3231,0
3232,1
3233,0
3234,1
3235,1
3236,1
3237,1
3238,0
3239,1
3240,1
3241,1
3242,1
3243,1
3244,0
3245,0
3246,1
3247,1
3248,1
3249,1
3250,1
3251,1
3252,0
3253,0
3254,0
3255,0
3256,0
3257,0
3258,1
3259,1
3260,0
3261,1
3262,1
3263,1
3264,1
3265,1
3266,1
3267,1
3268,1
3269,1
3270,1
3271,1
3272,1
3273,1
3274,0
3275,1
3276,0
3277,1
3278,1
3279,0
3280,1
3281,1
3282,1
3283,0
3284,0
3285,0
3286,1
3287,1
3288,0
3289,1
3290,0
3291,1
3292,1
3293,1
3294,0
3295,0
3296,1
3297,0
3298,0
3299,1
3300,1
3301,1
3302,1
3303,1
3304,0
3305,0
3306,1
3307,0
3308,1
3309,1
3310,0
3311,1
3312,1
3313,1
3314,1
3315,1
3316,1
3317,0
3318,1
3319,0
3320,0
3321,0
3322,0
3323,0
3324,1
3325,1
3326,0
3327,1
3328,1
3329,1
3330,1
3331,1
3332,1
3333,1
3334,1
3335,1
3336,1
3337,1
3338,0
3339,1
3340,0
3341,0
3342,1
3343,0
3344,1
3345,0
3346,1
3347,0
3348,1
3349,0
3350,1
3351,1
3352,1
3353,1
3354,1
3355,0
3356,1
3357,0
3358,1
3359,0
3360,0
3361,1
3362,1
3363,1
3364,1
3365,1
3366,0
3367,0
3368,1
3369,1
3370,0
3371,1
3372,1
3373,1
3374,1
3375,0
3376,1
3377,1
3378,0
3379,1
3380,1
3381,1
3382,1
3383,0
3384,1
3385,1
3386,1
3387,1
3388,0
3389,0
3390,1
3391,1
3392,1
3393,0
3394,0
3395,1
3396,1
3397,0
3398,1
3399,0
3400,1
3401,0
3402,1
3403,0
3404,0
3405,1
3406,0
3407,1
3408,0
3409,1
3410,1
3411,1
3412,1
3413,0
3414,1
3415,0
3416,0
3417,1
3418,1
3419,1
3420,0
3421,1
3422,1
3423,0
3424,1
3425,0
3426,1
3427,1
3428,1
3429,1
3430,1
3431,1
3432,1
3433,1
3434,1
3435,1
3436,1
3437,1
3438,1
3439,1
3440,1
3441,0
3442,1
3443,1
3444,1
3445,1
3446,1
3447,1
3448,0
3449,1
3450,1
3451,1
3452,0
3453,0
3454,0
3455,1
3456,0
3457,1
3458,1
3459,0
3460,0
3461,0
3462,1
3463,1
3464,0
3465,1
3466,1
3467,1
3468,1
3469,0
3470,1
3471,1
3472,0
3473,1
3474,0
3475,1
3476,1
3477,1
3478,1
3479,0
3480,0
3481,0
3482,1
3483,0
3484,1
3485,1
3486,1
3487,1
3488,1
3489,0
3490,0
3491,1
3492,0
3493,0
3494,1
3495,0
3496,0
3497,1
3498,1
3499,1
3500,0
3501,0
3502,0
3503,1
3504,1
3505,1
3506,1
3507,0
3508,1
3509,0
3510,1
3511,0
3512,1
3513,1
3514,0
3515,0
3516,1
3517,0
3518,1
3519,1
3520,1
3521,0
3522,0
3523,1
3524,1
3525,1
3526,1
3527,1
3528,1
3529,1
3530,1
3531,1
3532,1
3533,1
3534,1
3535,1
3536,1
3537,1
3538,1
3539,1
3540,1
3541,1
3542,0
3543,1
3544,1
3545,1
3546,0
3547,0
3548,1
3549,0
3550,1
3551,1
3552,1
3553,1
3554,1
3555,0
3556,0
3557,1
3558,1
3559,0
3560,0
3561,1
3562,0
3563,1
3564,1
3565,0
3566,1
3567,0
3568,1
3569,1
3570,1
3571,1
3572,0
3573,0
3574,1
3575,1
3576,0
3577,0
3578,1
3579,1
3580,1
3581,1
3582,1
3583,1
3584,1
3585,0
3586,1
3587,0
3588,0
3589,1
3590,1
3591,1
3592,1
3593,1
3594,0
3595,1
3596,1
3597,0
3598,1
3599,1
3600,1
3601,1
3602,1
3603,0
3604,0
3605,1
3606,1
3607,0
3608,1
3609,0
3610,1
3611,1
3612,1
3613,1
3614,0
3615,1
3616,1
3617,1
3618,0
3619,1
3620,1
3621,1
3622,0
3623,1
3624,1
3625,0
3626,0
3627,0
3628,1
3629,0
3630,1
3631,0
3632,0
3633,1
3634,0
3635,1
3636,1
3637,1
3638,1
3639,0
3640,0
3641,1
3642,1
3643,1
3644,1
3645,1
3646,1
3647,1
3648,1
3649,1
3650,1
3651,1
3652,1
3653,0
3654,1
3655,1
3656,1
3657,1
3658,1
3659,1
3660,1
3661,1
3662,1
3663,1
3664,0
3665,1
3666,1
3667,0
3668,1
3669,1
3670,1
3671,0
3672,0
3673,1
3674,0
3675,1
3676,0
3677,1
3678,1
3679,1
3680,1
3681,1
3682,0
3683,1
3684,0
3685,1
3686,0
3687,0
3688,0
3689,0
3690,0
3691,1
3692,1
3693,1
3694,1
3695,1
3696,1
3697,1
3698,0
3699,1
3700,0
3701,0
3702,1
3703,0
3704,0
3705,1
3706,1
3707,1
3708,1
3709,1
3710,0
3711,0
3712,1
3713,0
3714,1
3715,1
3716,1
3717,0
3718,1
3719,0
3720,0
3721,1
3722,0
3723,1
3724,1
3725,1
3726,0
3727,1
3728,0
3729,0
3730,1
3731,1
3732,1
3733,0
3734,1
3735,1
3736,1
3737,0
3738,0
3739,1
3740,0
3741,0
3742,1
3743,1
3744,0
3745,0
3746,0
3747,1
3748,1
3749,0
3750,1
3751,0
3752,1
3753,0
3754,0
3755,0
3756,1
3757,0
3758,0
3759,1
3760,1
3761,1
3762,0
3763,0
3764,1
3765,0
3766,1
3767,0
3768,1
3769,1
3770,1
3771,1
3772,1
3773,0
3774,0
3775,1
3776,0
3777,1
3778,0
3779,0
3780,0
3781,0
3782,1
3783,1
3784,1
3785,1
3786,0
3787,1
3788,1
3789,0
3790,1
3791,1
3792,1
3793,1
3794,1
3795,0
3796,1
3797,0
3798,1
3799,1
3800,1
3801,0
3802,0
3803,1
3804,0
3805,1
3806,0
3807,1
3808,1
3809,1
3810,0
3811,1
3812,1
3813,0
3814,0
3815,0
3816,0
3817,1
3818,1
3819,1
3820,0
3821,1
3822,1
3823,1
3824,1
3825,1
3826,0
3827,1
3828,1
3829,1
3830,1
3831,1
3832,0
3833,0
3834,1
3835,0
3836,1
3837,0
3838,1
3839,1
3840,0
3841,0
3842,0
3843,0
3844,1
3845,0
3846,1
3847,1
3848,1
3849,1
3850,0
3851,1
3852,1
3853,0
3854,1
3855,0
3856,1
3857,1
3858,1
3859,1
3860,0
3861,0
3862,1
3863,0
3864,1
3865,1
3866,1
3867,0
3868,0
3869,1
3870,1
3871,0
3872,1
3873,0
3874,1
3875,0
3876,0
3877,0
3878,0
3879,1
3880,1
3881,1
3882,1
3883,1
3884,0
3885,0
3886,0
3887,1
3888,0
3889,1
3890,1
3891,1
3892,0
3893,0
3894,0
3895,1
3896,1
3897,1
3898,1
3899,1
3900,1
3901,1
3902,1
3903,0
3904,1
3905,1
3906,0
3907,1
3908,1
3909,1
3910,0
3911,1
3912,1
3913,0
3914,0
3915,1
3916,0
3917,1
3918,1
3919,1
3920,1
3921,1
3922,1
3923,1
3924,0
3925,1
3926,1
3927,1
3928,1
3929,0
3930,1
3931,1
3932,1
3933,0
3934,0
3935,1
3936,1
3937,0
3938,1
3939,1
3940,1
3941,1
3942,1
3943,0
3944,1
3945,1
3946,1
3947,1
3948,0
3949,1
3950,1
3951,1
3952,1
3953,0
3954,0
3955,0
3956,1
3957,0
3958,1
3959,1
3960,1
3961,1
3962,1
3963,0
3964,0
3965,1
3966,1
3967,1
3968,1
3969,1
3970,1
3971,1
3972,1
3973,0
3974,1
3975,1
3976,0
3977,1
3978,1
3979,1
3980,0
3981,0
3982,0
3983,1
3984,1
3985,1
3986,1
3987,1
3988,1
3989,1
3990,1
3991,1
3992,0
3993,0
3994,0
3995,1
3996,0
3997,1
3998,1
3999,1
4000,1
4001,0
4002,0
4003,0
4004,1
4005,1
4006,1
4007,1
4008,1
4009,1
4010,1
4011,1
4012,1
4013,1
4014,1
4015,1
4016,1
4017,1
4018,1
4019,1
4020,1
4021,0
4022,1
4023,1
4024,1
4025,1
4026,1
4027,0
4028,1
4029,1
4030,1
4031,1
4032,1
4033,1
4034,1
4035,0
4036,0
4037,1
4038,0
4039,1
4040,0
4041,0
4042,1
4043,1
4044,1
4045,0
4046,1
4047,1
4048,1
4049,1
4050,0
4051,1
4052,0
4053,1
4054,1
4055,1
4056,1
4057,0
4058,1
4059,0
4060,1
4061,0
4062,0
4063,1
4064,1
4065,0
4066,1
4067,1
4068,1
4069,1
4070,1
4071,1
4072,1
4073,1
4074,1
4075,1
4076,1
4077,1
4078,1
4079,1
4080,1
4081,1
4082,1
4083,1
4084,1
4085,0
4086,1
4087,1
4088,0
4089,1
4090,1
4091,1
4092,1
4093,0
4094,1
4095,1
4096,0
4097,1
4098,1
4099,1
4100,1
4101,0
4102,1
4103,0
4104,1
4105,0
4106,0
4107,1
4108,1
4109,1
4110,1
4111,1
4112,0
4113,1
4114,0
4115,0
4116,1
4117,1
4118,0
4119,0
4120,1
4121,1
4122,1
4123,1
4124,0
4125,1
4126,0
4127,1
4128,0
4129,0
4130,1
4131,0
4132,0
4133,1
4134,1
4135,1
4136,0
4137,0
4138,1
4139,1
4140,1
4141,0
4142,1
4143,0
4144,0
4145,1
4146,1
4147,0
4148,1
4149,1
4150,1
4151,0
4152,1
4153,1
4154,1
4155,1
4156,1
4157,1
4158,1
4159,1
4160,1
4161,0
4162,0
4163,1
4164,1
4165,1
4166,1
4167,1
4168,1
4169,0
4170,0
4171,1
4172,1
4173,0
4174,0
4175,1
4176,0
4177,1
4178,0
4179,1
4180,1
4181,1
4182,1
4183,1
4184,1
4185,0
4186,0
4187,0
4188,0
4189,0
4190,1
4191,0
4192,1
4193,0
4194,0
4195,0
4196,0
4197,1
4198,1
4199,0
4200,1
4201,0
4202,1
4203,0
4204,1
4205,1
4206,1
4207,0
4208,1
4209,0
4210,0
4211,0
4212,1
4213,1
4214,1
4215,1
4216,1
4217,1
4218,0
4219,1
4220,1
4221,1
4222,0
4223,0
4224,0
4225,0
4226,0
4227,0
4228,1
4229,1
4230,1
4231,1
4232,1
4233,0
4234,1
4235,1
4236,0
4237,1
4238,0
4239,1
4240,0
4241,1
4242,1
4243,1
4244,1
4245,0
4246,1
4247,1
4248,0
4249,1
4250,0
4251,1
4252,1
4253,0
4254,0
4255,1
4256,0
4257,0
4258,0
4259,0
4260,1
4261,1
4262,0
4263,1
4264,1
4265,0
4266,0
4267,0
4268,1
4269,0
4270,1
4271,1
4272,0
4273,0
4274,0
4275,0
4276,1
4277,1
4278,1
4279,0
4280,0
4281,1
4282,1
4283,1
4284,0
4285,1
4286,0
4287,0
4288,0
4289,0
4290,1
4291,0
4292,1
4293,1
4294,0
4295,1
4296,1
4297,1
4298,1
4299,1
4300,0
4301,1
4302,1
4303,0
4304,1
4305,0
4306,1
4307,0
4308,0
4309,0
4310,0
4311,1
4312,0
4313,1
4314,1
4315,0
4316,1
4317,1
4318,0
4319,0
4320,1
4321,1
4322,0
4323,0
4324,0
4325,0
4326,0
4327,1
4328,0
4329,1
4330,1
4331,0
4332,1
4333,0
4334,1
4335,1
4336,0
4337,1
4338,0
4339,1
4340,1
4341,1
4342,1
4343,0
4344,0
4345,0
4346,1
4347,1
4348,1
4349,1
4350,1
4351,1
4352,1
4353,0
4354,1
4355,1
4356,1
4357,0
4358,1
4359,1
4360,1
4361,1
4362,1
4363,0
4364,0
4365,1
4366,1
4367,1
4368,0
4369,1
4370,0
4371,0
4372,0
4373,1
4374,0
4375,1
4376,0
4377,1
4378,1
4379,1
4380,1
4381,0
4382,1
4383,1
4384,0
4385,0
4386,0
4387,1
4388,1
4389,1
4390,1
4391,0
4392,1
4393,1
4394,0
4395,1
4396,0
4397,1
4398,1
4399,1
4400,0
4401,1
4402,0
4403,1
4404,0
4405,0
4406,0
4407,1
4408,0
4409,1
4410,0
4411,1
4412,1
4413,1
4414,0
4415,0
4416,0
4417,0
4418,1
4419,1
4420,1
4421,1
4422,0
4423,1
4424,0
4425,0
4426,1
4427,0
4428,0
4429,1
4430,1
4431,1
4432,1
4433,1
4434,1
4435,1
4436,0
4437,1
4438,0
4439,0
4440,0
4441,1
4442,1
4443,1
4444,1
4445,0
4446,1
4447,1
4448,1
4449,1
4450,1
4451,1
4452,1
4453,0
4454,0
4455,0
4456,0
4457,1
4458,1
4459,1
4460,0
4461,1
4462,1
4463,0
4464,1
4465,1
4466,0
4467,0
4468,0
4469,1
4470,1
4471,1
4472,1
4473,1
4474,0
4475,0
4476,1
4477,1
4478,1
4479,1
4480,0
4481,1
4482,1
4483,1
4484,1
4485,0
4486,1
4487,0
4488,1
4489,0
4490,1
4491,0
4492,0
4493,0
4494,0
4495,1
4496,1
4497,1
4498,1
4499,0
4500,1
4501,0
4502,0
4503,1
4504,1
4505,0
4506,0
4507,1
4508,1
4509,1
4510,0
4511,1
4512,1
4513,0
4514,1
4515,0
4516,0
4517,0
4518,1
4519,1
4520,1
4521,1
4522,0
4523,1
4524,1
4525,1
4526,0
4527,1
4528,0
4529,0
4530,1
4531,1
4532,0
4533,1
4534,0
4535,1
4536,1
4537,1
4538,1
4539,1
4540,1
4541,1
4542,0
4543,1
4544,1
4545,1
4546,1
4547,1
4548,1
4549,1
4550,0
4551,1
4552,1
4553,1
4554,1
4555,1
4556,1
4557,0
4558,1
4559,1
4560,0
4561,1
4562,1
4563,0
4564,1
4565,1
4566,1
4567,1
4568,1
4569,1
4570,1
4571,1
4572,1
4573,0
4574,1
4575,1
4576,1
4577,1
4578,0
4579,0
4580,1
4581,1
4582,1
4583,1
4584,1
4585,1
4586,1
4587,0
4588,0
4589,1
4590,1
4591,1
4592,1
4593,1
4594,1
4595,1
4596,1
4597,0
4598,1
4599,0
4600,1
4601,1
4602,1
4603,1
4604,1
4605,0
4606,1
4607,1
4608,1
4609,1
4610,1
4611,1
4612,0
4613,0
4614,1
4615,0
4616,0
4617,1
4618,1
4619,0
4620,1
4621,1
4622,0
4623,1
4624,1
4625,0
4626,1
4627,0
4628,0
4629,1
4630,1
4631,1
4632,1
4633,1
4634,0
4635,1
4636,1
4637,0
4638,1
4639,1
4640,1
4641,1
4642,1
4643,1
4644,1
4645,1
4646,1
4647,1
4648,1
4649,0
4650,1
4651,1
4652,1
4653,1
4654,1
4655,1
4656,0
4657,1
4658,1
4659,1
4660,1
4661,0
4662,1
4663,1
4664,1
4665,1
4666,1
4667,1
4668,0
4669,0
4670,1
4671,1
4672,1
4673,1
4674,0
4675,1
4676,1
4677,1
4678,1
4679,0
4680,0
4681,1
4682,0
4683,1
4684,0
4685,0
4686,1
4687,0
4688,0
4689,1
4690,0
4691,1
4692,1
4693,1
4694,1
4695,1
4696,1
4697,1
4698,1
4699,1
4700,1
4701,1
4702,1
4703,1
4704,1
4705,1
4706,0
4707,1
4708,0
4709,1
4710,0
4711,1
4712,1
4713,1
4714,0
4715,1
4716,0
4717,0
4718,0
4719,0
4720,1
4721,0
4722,1
4723,1
4724,1
4725,0
4726,1
4727,1
4728,1
4729,0
4730,1
4731,1
4732,1
4733,1
4734,0
4735,1
4736,1
4737,1
4738,0
4739,0
4740,0
4741,0
4742,0
4743,0
4744,0
4745,0
4746,1
4747,1
4748,1
4749,0
4750,1
4751,0
4752,0
4753,1
4754,1
4755,1
4756,1
4757,1
4758,1
4759,1
4760,0
4761,1
4762,0
4763,1
4764,1
4765,1
4766,0
4767,1
4768,0
4769,1
4770,1
4771,1
4772,1
4773,1
4774,1
4775,1
4776,1
4777,0
4778,1
4779,1
4780,1
4781,1
4782,0
4783,1
4784,0
4785,0
4786,0
4787,0
4788,0
4789,1
4790,1
4791,1
4792,1
4793,1
4794,1
4795,1
4796,1
4797,1
4798,1
4799,1
4800,1
4801,1
4802,1
4803,0
4804,1
4805,1
4806,0
4807,1
4808,0
4809,1
4810,0
4811,0
4812,1
4813,0
4814,1
4815,1
4816,1
4817,0
4818,0
4819,1
4820,1
4821,1
4822,1
4823,0
4824,1
4825,0
4826,1
4827,0
4828,1
4829,0
4830,0
4831,1
4832,1
4833,1
4834,0
4835,1
4836,0
4837,0
4838,1
4839,1
4840,1
4841,1
4842,1
4843,1
4844,0
4845,0
4846,0
4847,1
4848,1
4849,1
4850,1
4851,0
4852,1
4853,1
4854,0
4855,1
4856,1
4857,1
4858,1
4859,0
4860,1
4861,0
4862,1
4863,1
4864,1
4865,0
4866,1
4867,1
4868,0
4869,1
4870,1
4871,0
4872,0
4873,1
4874,1
4875,0
4876,1
4877,1
4878,1
4879,1
4880,1
4881,0
4882,1
4883,1
4884,0
4885,1
4886,0
4887,1
4888,1
4889,1
4890,1
4891,0
4892,0
4893,1
4894,1
4895,1
4896,0
4897,1
4898,1
4899,0
4900,0
4901,1
4902,1
4903,1
4904,1
4905,0
4906,0
4907,1
4908,0
4909,1
4910,0
4911,0
4912,1
4913,1
4914,1
4915,1
4916,1
4917,1
4918,1
4919,0
4920,1
4921,1
4922,1
4923,1
4924,0
4925,1
4926,0
4927,0
4928,1
4929,1
4930,1
4931,1
4932,1
4933,1
4934,1
4935,0
4936,0
4937,0
4938,1
4939,0
4940,0
4941,1
4942,1
4943,1
4944,0
4945,1
4946,0
4947,1
4948,0
4949,1
4950,1
4951,1
4952,1
4953,1
4954,1
4955,0
4956,1
4957,1
4958,1
4959,1
4960,1
4961,1
4962,0
4963,0
4964,1
4965,0
4966,1
4967,0
4968,1
4969,0
4970,0
4971,1
4972,1
4973,1
4974,1
4975,1
4976,1
4977,1
4978,1
4979,0
4980,1
4981,1
4982,0
4983,0
4984,0
4985,0
4986,1
4987,1
4988,1
4989,1
4990,1
4991,1
4992,0
4993,1
4994,0
4995,0
4996,1
4997,1
4998,1
4999,0
5000,1
5001,1
5002,1
5003,0
5004,0
5005,0
5006,0
5007,0
5008,1
5009,1
5010,1
5011,1
5012,1
5013,0
5014,0
5015,0
5016,0
5017,1
5018,1
5019,1
5020,1
5021,1
5022,1
5023,0
5024,0
5025,1
5026,1
5027,0
5028,1
5029,1
5030,1
5031,1
5032,1
5033,1
5034,1
5035,0
5036,1
5037,1
5038,1
5039,0
5040,0
5041,1
5042,1
5043,1
5044,1
5045,1
5046,1
5047,1
5048,1
5049,0
5050,0
5051,1
5052,1
5053,1
5054,0
5055,1
5056,1
5057,1
5058,1
5059,1
5060,1
5061,1
5062,0
5063,1
5064,1
5065,0
5066,0
5067,0
5068,1
5069,0
5070,0
5071,1
5072,1
5073,0
5074,1
5075,0
5076,0
5077,1
5078,0
5079,1
5080,1
5081,0
5082,0
5083,0
5084,1
5085,1
5086,1
5087,0
5088,1
5089,1
5090,0
5091,0
5092,1
5093,1
5094,0
5095,0
5096,1
5097,0
5098,0
5099,1
5100,1
5101,0
5102,1
5103,1
5104,1
5105,1
5106,1
5107,1
5108,0
5109,1
5110,1
5111,0
5112,0
5113,1
5114,1
5115,0
5116,0
5117,1
5118,0
5119,0
5120,0
5121,1
5122,1
5123,1
5124,0
5125,1
5126,1
5127,1
5128,1
5129,1
5130,0
5131,0
5132,1
5133,0
5134,0
5135,1
5136,1
5137,1
5138,0
5139,0
5140,0
5141,1
5142,0
5143,1
5144,1
5145,1
5146,0
5147,1
5148,1
5149,1
5150,1
5151,0
5152,1
5153,0
5154,1
5155,0
5156,0
5157,1
5158,1
5159,0
5160,1
5161,1
5162,0
5163,1
5164,1
5165,1
5166,1
5167,1
5168,0
5169,1
5170,1
5171,0
5172,0
5173,0
5174,0
5175,1
5176,1
5177,1
5178,1
5179,1
5180,1
5181,0
5182,0
5183,1
5184,0
5185,1
5186,1
5187,0
5188,0
5189,0
5190,1
5191,1
5192,1
5193,1
5194,1
5195,0
5196,0
5197,1
5198,1
5199,1
5200,1
5201,1
5202,1
5203,0
5204,0
5205,0
5206,1
5207,1
5208,0
5209,0
5210,1
5211,1
5212,1
5213,1
5214,1
5215,1
5216,1
5217,1
5218,1
5219,1
5220,1
5221,1
5222,1
5223,0
5224,0
5225,0
5226,1
5227,1
5228,0
5229,1
5230,0
5231,1
5232,0
5233,1
5234,1
5235,1
5236,0
5237,1
5238,1
5239,1
5240,0
5241,1
5242,1
5243,0
5244,0
5245,1
5246,1
5247,1
5248,1
5249,0
5250,0
5251,0
5252,1
5253,0
5254,1
5255,1
5256,0
5257,1
5258,1
5259,0
5260,0
5261,1
5262,1
5263,1
5264,1
5265,0
5266,0
5267,1
5268,1
5269,1
5270,0
5271,1
5272,1
5273,1
5274,1
5275,1
5276,1
5277,0
5278,0
5279,0
5280,1
5281,1
5282,1
5283,1
5284,1
5285,0
5286,1
5287,0
5288,1
5289,0
5290,1
5291,0
5292,1
5293,1
5294,1
5295,1
5296,1
5297,0
5298,1
5299,1
5300,0
5301,1
5302,0
5303,0
5304,1
5305,1
5306,1
5307,1
5308,1
5309,0
5310,1
5311,1
5312,0
5313,0
5314,1
5315,1
5316,0
5317,1
5318,1
5319,1
5320,0
5321,0
5322,1
5323,1
5324,1
5325,0
5326,1
5327,1
5328,1
5329,0
5330,0
5331,1
5332,0
5333,1
5334,1
5335,0
5336,1
5337,0
5338,1
5339,1
5340,1
5341,1
5342,1
5343,1
5344,1
5345,1
5346,1
5347,1
5348,1
5349,1
5350,1
5351,1
5352,1
5353,0
5354,1
5355,1
5356,0
5357,0
5358,1
5359,0
5360,0
5361,1
5362,0
5363,0
5364,0
5365,1
5366,1
5367,1
5368,0
5369,0
5370,1
5371,1
5372,0
5373,0
5374,0
5375,1
5376,1
5377,1
5378,0
5379,0
5380,1
5381,1
5382,1
5383,1
5384,1
5385,1
5386,1
5387,1
5388,0
5389,1
5390,1
5391,1
5392,1
5393,1
5394,0
5395,0
5396,0
5397,0
5398,1
5399,0
5400,1
5401,1
5402,1
5403,0
5404,1
5405,1
5406,0
5407,1
5408,1
5409,1
5410,1
5411,1
5412,1
5413,1
5414,0
5415,1
5416,1
5417,1
5418,0
5419,1
5420,0
5421,1
5422,1
5423,0
5424,0
5425,1
5426,1
5427,1
5428,1
5429,1
5430,1
5431,1
5432,1
5433,0
5434,1
5435,0
5436,0
5437,0
5438,1
5439,1
5440,1
5441,0
5442,1
5443,0
5444,1
5445,0
5446,1
5447,1
5448,0
5449,1
5450,1
5451,1
5452,1
5453,1
5454,1
5455,0
5456,0
5457,1
5458,0
5459,0
5460,0
5461,0
5462,0
5463,1
5464,1
5465,1
5466,1
5467,1
5468,1
5469,1
5470,1
5471,1
5472,1
5473,0
5474,1
5475,1
5476,1
5477,1
5478,0
5479,0
5480,1
5481,1
5482,0
5483,1
5484,0
5485,1
5486,1
5487,1
5488,1
5489,1
5490,1
5491,1
5492,0
5493,0
5494,0
5495,1
5496,1
5497,1
5498,1
5499,1
5500,1
5501,0
5502,1
5503,0
5504,1
5505,1
5506,0
5507,0
5508,1
5509,1
5510,1
5511,1
5512,1
5513,0
5514,1
5515,0
5516,0
5517,1
5518,0
5519,1
5520,1
5521,1
5522,0
5523,1
5524,1
5525,1
5526,0
5527,0
5528,1
5529,1
5530,0
5531,0
5532,1
5533,1
5534,1
5535,0
5536,1
5537,0
5538,1
5539,0
5540,1
5541,1
5542,1
5543,1
5544,0
5545,0
5546,1
5547,1
5548,0
5549,1
5550,1
5551,0
5552,1
5553,1
5554,1
5555,1
5556,0
5557,0
5558,0
5559,1
5560,1
5561,1
5562,0
5563,1
5564,0
5565,1
5566,0
5567,1
5568,1
5569,1
5570,0
5571,1
5572,1
5573,0
5574,1
5575,1
5576,0
5577,1
5578,1
5579,1
5580,1
5581,1
5582,1
5583,0
5584,1
5585,1
5586,0
5587,0
5588,1
5589,1
5590,0
5591,0
5592,1
5593,1
5594,1
5595,0
5596,0
5597,1
5598,1
5599,1
5600,1
5601,1
5602,1
5603,0
5604,1
5605,1
5606,1
5607,0
5608,0
5609,1
5610,0
5611,1
5612,0
5613,1
5614,1
5615,1
5616,1
5617,1
5618,1
5619,1
5620,0
5621,1
5622,1
5623,0
5624,1
5625,1
5626,1
5627,0
5628,1
5629,0
5630,1
5631,1
5632,1
5633,0
5634,1
5635,0
5636,1
5637,1
5638,0
5639,0
5640,1
5641,1
5642,0
5643,0
5644,0
5645,1
5646,0
5647,0
5648,1
5649,0
5650,0
5651,1
5652,1
5653,0
5654,1
5655,0
5656,0
5657,0
5658,1
5659,1
5660,1
5661,0
5662,0
5663,1
5664,0
5665,0
5666,1
5667,0
5668,1
5669,1
5670,0
5671,1
5672,1
5673,1
5674,0
5675,1
5676,0
5677,0
5678,1
5679,1
5680,1
5681,0
5682,1
5683,0
5684,0
5685,1
5686,1
5687,1
5688,0
5689,1
5690,1
5691,1
5692,0
5693,1
5694,1
5695,1
5696,1
5697,1
5698,0
5699,1
5700,0
5701,0
5702,0
5703,1
5704,0
5705,0
5706,1
5707,1
5708,0
5709,1
5710,1
5711,1
5712,0
5713,1
5714,0
5715,1
5716,1
5717,1
5718,1
5719,0
5720,1
5721,1
5722,0
5723,1
5724,0
5725,1
5726,1
5727,0
5728,1
5729,1
5730,0
5731,0
5732,1
5733,1
5734,1
5735,1
5736,1
5737,1
5738,1
5739,0
5740,1
5741,0
5742,1
5743,0
5744,1
5745,0
5746,1
5747,0
5748,0
5749,1
5750,1
5751,0
5752,1
5753,1
5754,0
5755,0
5756,1
5757,1
5758,1
5759,0
5760,0
5761,1
5762,1
5763,1
5764,1
5765,1
5766,1
5767,1
5768,0
5769,1
5770,0
5771,1
5772,1
5773,1
5774,1
5775,1
5776,0
5777,0
5778,1
5779,0
5780,1
5781,1
5782,1
5783,1
5784,0
5785,1
5786,0
5787,0
5788,0
5789,0
5790,1
5791,0
5792,0
5793,0
5794,1
5795,0
5796,1
5797,0
5798,0
5799,1
5800,0
5801,0
5802,1
5803,1
5804,1
5805,0
5806,1
5807,1
5808,1
5809,1
5810,0
5811,1
5812,1
5813,1
5814,1
5815,0
5816,0
5817,0
5818,0
5819,1
5820,1
5821,1
5822,1
5823,1
5824,0
5825,0
5826,1
5827,0
5828,0
5829,1
5830,1
5831,1
5832,1
5833,0
5834,1
5835,1
5836,0
5837,0
5838,0
5839,1
5840,1
5841,1
5842,1
5843,1
5844,1
5845,1
5846,0
5847,0
5848,0
5849,1
5850,1
5851,0
5852,1
5853,1
5854,1
5855,1
5856,1
5857,1
5858,0
5859,1
5860,1
5861,1
5862,1
5863,0
5864,1
5865,0
5866,0
5867,1
5868,1
5869,0
5870,0
5871,0
5872,1
5873,1
5874,1
5875,1
5876,0
5877,0
5878,0
5879,1
5880,0
5881,1
5882,0
5883,1
5884,1
5885,1
5886,1
5887,1
5888,1
5889,1
5890,1
5891,1
5892,0
5893,1
5894,1
5895,1
5896,1
5897,1
5898,1
5899,1
5900,1
5901,0
5902,1
5903,1
5904,1
5905,0
5906,1
5907,0
5908,0
5909,0
5910,1
5911,0
5912,1
5913,1
5914,1
5915,0
5916,1
5917,1
5918,1
5919,1
5920,1
5921,1
5922,1
5923,0
5924,0
5925,0
5926,0
5927,0
5928,0
5929,0
5930,1
5931,1
5932,1
5933,0
5934,1
5935,1
5936,1
5937,1
5938,1
5939,0
5940,1
5941,1
5942,0
5943,1
5944,1
5945,1
5946,1
5947,1
5948,1
5949,1
5950,1
5951,0
5952,0
5953,1
5954,0
5955,1
5956,1
5957,0
5958,0
5959,1
5960,1
5961,1
5962,0
5963,1
5964,1
5965,1
5966,0
5967,1
5968,0
5969,0
5970,0
5971,0
5972,1
5973,0
5974,0
5975,1
5976,0
5977,1
5978,1
5979,0
5980,0
5981,1
5982,1
5983,0
5984,1
5985,1
5986,1
5987,1
5988,1
5989,0
5990,1
5991,1
5992,1
5993,0
5994,1
5995,1
5996,1
5997,0
5998,0
5999,1
6000,1
6001,1
6002,1
6003,0
6004,1
6005,1
6006,0
6007,0
6008,0
6009,0
6010,1
6011,1
6012,1
6013,0
6014,0
6015,1
6016,1
6017,0
6018,1
6019,1
6020,0
6021,0
6022,0
6023,1
6024,1
6025,0
6026,1
6027,1
6028,1
6029,1
6030,1
6031,0
6032,0
6033,1
6034,1
6035,0
6036,0
6037,1
6038,1
6039,1
6040,1
6041,1
6042,1
6043,1
6044,1
6045,0
6046,0
6047,1
6048,1
6049,1
6050,1
6051,1
6052,0
6053,0
6054,1
6055,1
6056,0
6057,0
6058,0
6059,1
6060,1
6061,0
6062,0
6063,1
6064,1
6065,0
6066,1
6067,1
6068,1
6069,1
6070,1
6071,0
6072,1
6073,1
6074,1
6075,1
6076,1
6077,0
6078,0
6079,1
6080,0
6081,1
6082,0
6083,1
6084,0
6085,0
6086,0
6087,1
6088,0
6089,1
6090,0
6091,1
6092,1
6093,0
6094,0
6095,0
6096,0
6097,0
6098,1
6099,0
6100,1
6101,1
6102,1
6103,0
6104,1
6105,1
6106,0
6107,1
6108,1
6109,1
6110,1
6111,1
6112,1
6113,1
6114,1
6115,0
6116,0
6117,1
6118,1
6119,1
6120,1
6121,0
6122,1
6123,1
6124,1
6125,1
6126,0
6127,1
6128,1
6129,0
6130,0
6131,0
6132,1
6133,0
6134,1
6135,1
6136,1
6137,1
6138,1
6139,0
6140,0
6141,1
6142,0
6143,1
6144,1
6145,1
6146,1
6147,1
6148,1
6149,0
6150,1
6151,1
6152,1
6153,1
6154,1
6155,1
6156,0
6157,0
6158,1
6159,1
6160,0
6161,1
6162,1
6163,1
6164,0
6165,1
6166,1
6167,1
6168,1
6169,1
6170,1
6171,0
6172,1
6173,1
6174,1
6175,1
6176,1
6177,0
6178,1
6179,0
6180,0
6181,0
6182,1
6183,1
6184,1
6185,1
6186,0
6187,1
6188,1
6189,1
6190,1
6191,1
6192,1
6193,0
6194,1
6195,0
6196,1
6197,0
6198,0
6199,1
6200,1
6201,1
6202,0
6203,0
6204,0
6205,1
6206,1
6207,0
6208,1
6209,0
6210,0
6211,1
6212,1
6213,0
6214,1
6215,0
6216,1
6217,1
6218,1
6219,1
6220,1
6221,1
6222,1
6223,1
6224,1
6225,1
6226,1
6227,1
6228,0
6229,1
6230,0
6231,0
6232,1
6233,0
6234,0
6235,1
6236,0
6237,1
6238,1
6239,1
6240,0
6241,1
6242,1
6243,1
6244,1
6245,1
6246,0
6247,0
6248,0
6249,1
6250,0
6251,1
6252,1
6253,1
6254,1
6255,1
6256,1
6257,1
6258,1
6259,1
6260,1
6261,1
6262,0
6263,1
6264,1
6265,1
6266,1
6267,1
6268,1
6269,0
6270,1
6271,0
6272,1
6273,1
6274,1
6275,1
6276,1
6277,1
6278,1
6279,1
6280,1
6281,1
6282,1
6283,1
6284,0
6285,1
6286,1
6287,0
6288,1
6289,0
6290,1
6291,0
6292,1
6293,0
6294,0
6295,0
6296,0
6297,0
6298,1
6299,0
6300,0
6301,1
6302,1
6303,1
6304,1
6305,1
6306,0
6307,0
6308,1
6309,1
6310,0
6311,0
6312,1
6313,1
6314,1
6315,1
6316,1
6317,0
6318,1
6319,1
6320,1
6321,0
6322,1
6323,1
6324,1
6325,0
6326,0
6327,0
6328,0
6329,1
6330,1
6331,1
6332,1
6333,0
6334,1
6335,1
6336,1
6337,0
6338,0
6339,1
6340,1
6341,0
6342,0
6343,0
6344,0
6345,0
6346,1
6347,0
6348,0
6349,1
6350,0
6351,1
6352,1
6353,1
6354,0
6355,1
6356,1
6357,1
6358,1
6359,1
6360,1
6361,1
6362,0
6363,0
6364,1
6365,0
6366,0
6367,1
6368,1
6369,1
6370,0
6371,1
6372,1
6373,1
6374,0
6375,0
6376,1
6377,1
6378,0
6379,1
6380,1
6381,1
6382,1
6383,1
6384,0
6385,1
6386,1
6387,1
6388,0
6389,0
6390,1
6391,1
6392,0
6393,0
6394,1
6395,1
6396,1
6397,1
6398,1
6399,1
6400,1
6401,1
6402,1
6403,0
6404,0
6405,1
6406,0
6407,1
6408,1
6409,1
6410,0
6411,1
6412,1
6413,1
6414,0
6415,0
6416,1
6417,1
6418,1
6419,1
6420,1
6421,1
6422,1
6423,0
6424,1
6425,1
6426,1
6427,1
6428,1
6429,1
6430,1
6431,1
6432,1
6433,0
6434,0
6435,1
6436,1
6437,1
6438,0
6439,1
6440,1
6441,1
6442,1
6443,1
6444,1
6445,1
6446,1
6447,1
6448,1
6449,1
6450,1
6451,1
6452,0
6453,0
6454,0
6455,1
6456,1
6457,1
6458,1
6459,1
6460,1
6461,1
6462,1
6463,1
6464,1
6465,0
6466,1
6467,1
6468,0
6469,1
6470,1
6471,1
6472,1
6473,1
6474,1
6475,0
6476,1
6477,0
6478,0
6479,1
6480,1
6481,1
6482,1
6483,1
6484,0
6485,0
6486,1
6487,0
6488,0
6489,1
6490,1
6491,1
6492,0
6493,1
6494,0
6495,0
6496,0
6497,0
6498,0
6499,0
6500,1
6501,1
6502,0
6503,0
6504,0
6505,1
6506,0
6507,1
6508,1
6509,1
6510,1
6511,1
6512,0
6513,1
6514,1
6515,0
6516,0
6517,1
6518,1
6519,0
6520,0
6521,1
6522,1
6523,1
6524,1
6525,1
6526,1
6527,0
6528,1
6529,1
6530,1
6531,1
6532,0
6533,0
6534,1
6535,1
6536,0
6537,0
6538,1
6539,0
6540,1
6541,1
6542,0
6543,1
6544,0
6545,1
6546,1
6547,1
6548,0
6549,0
6550,1
6551,1
6552,1
6553,0
6554,0
6555,1
6556,1
6557,1
6558,1
6559,1
6560,1
6561,0
6562,0
6563,1
6564,1
6565,1
6566,1
6567,1
6568,0
6569,0
6570,1
6571,0
6572,1
6573,1
6574,1
6575,0
6576,1
6577,1
6578,1
6579,1
6580,1
6581,1
6582,0
6583,1
6584,1
6585,1
6586,1
6587,0
6588,0
6589,1
6590,1
6591,0
6592,1
6593,1
6594,1
6595,1
6596,0
6597,0
6598,1
6599,1
6600,1
6601,1
6602,0
6603,0
6604,1
6605,1
6606,0
6607,1
6608,1
6609,0
6610,1
6611,0
6612,1
6613,1
6614,1
6615,1
6616,1
6617,0
6618,1
6619,0
6620,1
6621,0
6622,0
6623,1
6624,0
6625,1
6626,0
6627,1
6628,0
6629,1
6630,1
6631,1
6632,1
6633,0
6634,1
6635,0
6636,1
6637,1
6638,0
6639,1
6640,0
6641,1
6642,1
6643,1
6644,0
6645,1
6646,1
6647,1
6648,1
6649,1
6650,1
6651,0
6652,0
6653,1
6654,0
6655,1
6656,1
6657,1
6658,1
6659,1
6660,1
6661,0
6662,1
6663,1
6664,1
6665,1
6666,1
6667,0
6668,1
6669,1
6670,1
6671,1
6672,1
6673,1
6674,1
6675,1
6676,1
6677,1
6678,0
6679,1
6680,0
6681,1
6682,0
6683,1
6684,0
6685,1
6686,1
6687,0
6688,1
6689,1
6690,0
6691,1
6692,1
6693,0
6694,1
6695,1
6696,1
6697,1
6698,0
6699,0
6700,0
6701,0
6702,0
6703,1
6704,1
6705,1
6706,1
6707,1
6708,1
6709,1
6710,1
6711,0
6712,1
6713,0
6714,0
6715,0
6716,1
6717,1
6718,0
6719,1
6720,0
6721,1
6722,0
6723,0
6724,1
6725,1
6726,0
6727,1
6728,0
6729,1
6730,0
6731,0
6732,1
6733,0
6734,0
6735,1
6736,0
6737,1
6738,0
6739,0
6740,1
6741,0
6742,0
6743,0
6744,1
6745,0
6746,0
6747,1
6748,1
6749,0
6750,1
6751,1
6752,1
6753,1
6754,1
6755,0
6756,1
6757,1
6758,0
6759,1
6760,0
6761,1
6762,0
6763,1
6764,1
6765,0
6766,1
6767,1
6768,1
6769,1
6770,0
6771,1
6772,1
6773,0
6774,1
6775,0
6776,1
6777,1
6778,0
6779,1
6780,1
6781,1
6782,1
6783,1
6784,0
6785,1
6786,1
6787,1
6788,0
6789,1
6790,1
6791,1
6792,1
6793,1
6794,1
6795,0
6796,0
6797,1
6798,1
6799,0
6800,1
6801,1
6802,1
6803,1
6804,0
6805,0
6806,1
6807,1
6808,1
6809,1
6810,1
6811,0
6812,1
6813,1
6814,0
6815,0
6816,1
6817,0
6818,1
6819,1
6820,1
6821,1
6822,1
6823,1
6824,1
6825,1
6826,0
6827,1
6828,1
6829,1
6830,1
6831,1
6832,1
6833,0
6834,1
6835,0
6836,0
6837,0
6838,1
6839,0
6840,1
6841,1
6842,1
6843,1
6844,1
6845,1
6846,1
6847,0
6848,1
6849,1
6850,0
6851,1
6852,0
6853,1
6854,1
6855,1
6856,1
6857,1
6858,1
6859,1
6860,1
6861,0
6862,0
6863,1
6864,1
6865,0
6866,1
6867,0
6868,1
6869,1
6870,1
6871,1
6872,1
6873,1
6874,1
6875,1
6876,1
6877,1
6878,1
6879,1
6880,0
6881,1
6882,1
6883,1
6884,1
6885,1
6886,1
6887,1
6888,1
6889,1
6890,0
6891,1
6892,0
6893,0
6894,1
6895,1
6896,1
6897,0
6898,1
6899,1
6900,0
6901,0
6902,1
6903,1
6904,0
6905,1
6906,0
6907,1
6908,0
6909,1
6910,1
6911,1
6912,1
6913,0
6914,1
6915,0
6916,0
6917,0
6918,1
6919,1
6920,1
6921,1
6922,1
6923,1
6924,1
6925,1
6926,0
6927,1
6928,0
6929,0
6930,1
6931,1
6932,1
6933,1
6934,0
6935,0
6936,0
6937,1
6938,0
6939,0
6940,0
6941,0
6942,1
6943,1
6944,1
6945,1
6946,1
6947,0
6948,0
6949,0
6950,1
6951,1
6952,1
6953,0
6954,1
6955,0
6956,1
6957,1
6958,1
6959,0
6960,1
6961,0
6962,0
6963,1
6964,1
6965,1
6966,0
6967,0
6968,1
6969,0
6970,1
6971,1
6972,1
6973,0
6974,0
6975,1
6976,0
6977,1
6978,1
6979,1
6980,1
6981,1
6982,1
6983,1
6984,1
6985,0
6986,1
6987,1
6988,0
6989,1
6990,0
6991,0
6992,1
6993,1
6994,1
6995,1
6996,1
6997,1
6998,0
6999,1
7000,1
7001,0
7002,0
7003,1
7004,0
7005,0
7006,1
7007,1
7008,1
7009,1
7010,0
7011,1
7012,1
7013,1
7014,0
7015,1
7016,1
7017,1
7018,0
7019,1
7020,0
7021,1
7022,1
7023,1
7024,0
7025,1
7026,1
7027,1
7028,1
7029,1
7030,0
7031,0
7032,1
7033,1
7034,1
7035,1
7036,1
7037,1
7038,0
7039,0
7040,0
7041,1
7042,0
7043,1
7044,1
7045,1
7046,0
7047,1
7048,0
7049,1
7050,1
7051,1
7052,0
7053,1
7054,0
7055,0
7056,1
7057,1
7058,0
7059,1
7060,0
7061,1
7062,0
7063,0
7064,0
7065,1
7066,1
7067,1
7068,1
7069,1
7070,1
7071,1
7072,0
7073,1
7074,1
7075,1
7076,1
7077,0
7078,1
7079,0
7080,0
7081,0
7082,1
7083,0
7084,1
7085,1
7086,0
7087,0
7088,0
7089,1
7090,1
7091,1
7092,1
7093,1
7094,1
7095,0
7096,0
7097,1
7098,1
7099,1
7100,1
7101,1
7102,0
7103,1
7104,1
7105,1
7106,1
7107,0
7108,0
7109,0
7110,1
7111,1
7112,0
7113,1
7114,1
7115,1
7116,0
7117,1
7118,0
7119,1
7120,1
7121,1
7122,1
7123,1
7124,1
7125,0
7126,1
7127,1
7128,1
7129,1
7130,0
7131,0
7132,1
7133,1
7134,1
7135,1
7136,1
7137,1
7138,1
7139,0
7140,1
7141,1
7142,1
7143,1
7144,1
7145,1
7146,1
7147,1
7148,1
7149,1
7150,1
7151,1
7152,1
7153,1
7154,0
7155,1
7156,1
7157,1
7158,0
7159,0
7160,0
7161,0
7162,1
7163,1
7164,1
7165,1
7166,1
7167,0
7168,1
7169,1
7170,0
7171,1
7172,0
7173,1
7174,1
7175,1
7176,1
7177,1
7178,1
7179,0
7180,0
7181,1
7182,1
7183,1
7184,0
7185,1
7186,1
7187,0
7188,0
7189,1
7190,1
7191,1
7192,0
7193,1
7194,0
7195,0
7196,1
7197,1
7198,1
7199,1
7200,0
7201,1
7202,0
7203,1
7204,1
7205,1
7206,1
7207,1
7208,1
7209,1
7210,1
7211,1
7212,1
7213,0
7214,1
7215,1
7216,0
7217,0
7218,1
7219,0
7220,0
7221,0
7222,1
7223,0
7224,1
7225,0
7226,1
7227,0
7228,1
7229,1
7230,1
7231,1
7232,1
7233,0
7234,1
7235,1
7236,1
7237,1
7238,0
7239,0
7240,1
7241,1
7242,0
7243,1
7244,1
7245,0
7246,1
7247,1
7248,1
7249,0
7250,0
7251,1
7252,1
7253,0
7254,1
7255,1
7256,1
7257,1
7258,1
7259,1
7260,1
7261,0
7262,0
7263,1
7264,1
7265,1
7266,1
7267,1
7268,0
7269,0
7270,1
7271,1
7272,1
7273,0
7274,0
7275,1
7276,0
7277,0
7278,1
7279,0
7280,1
7281,0
7282,1
7283,1
7284,1
7285,1
7286,0
7287,1
7288,0
7289,1
7290,1
7291,1
7292,0
7293,1
7294,1
7295,1
7296,1
7297,1
7298,0
7299,0
7300,1
7301,0
7302,0
7303,1
7304,0
7305,0
7306,0
7307,0
7308,0
7309,0
7310,1
7311,0
7312,0
7313,1
7314,1
7315,0
7316,1
7317,1
7318,1
7319,0
7320,1
7321,0
7322,1
7323,1
7324,0
7325,1
7326,1
7327,1
7328,1
7329,1
7330,1
7331,1
7332,0
7333,1
7334,1
7335,0
7336,1
7337,1
7338,1
7339,1
7340,1
7341,1
7342,1
7343,1
7344,1
7345,1
7346,1
7347,0
7348,1
7349,1
7350,1
7351,0
7352,0
7353,0
7354,0
7355,0
7356,1
7357,0
7358,1
7359,0
7360,0
7361,0
7362,1
7363,1
7364,1
7365,1
7366,0
7367,1
7368,1
7369,1
7370,0
7371,1
7372,1
7373,0
7374,0
7375,1
7376,0
7377,0
7378,0
7379,1
7380,1
7381,0
7382,0
7383,0
7384,0
7385,0
7386,0
7387,0
7388,0
7389,0
7390,1
7391,0
7392,0
7393,0
7394,1
7395,1
7396,1
7397,0
7398,1
7399,1
7400,1
7401,0
7402,0
7403,0
7404,0
7405,1
7406,1
7407,0
7408,0
7409,1
7410,1
7411,0
7412,1
7413,1
7414,1
7415,1
7416,1
7417,1
7418,1
7419,1
7420,1
7421,1
7422,1
7423,1
7424,0
7425,0
7426,0
7427,1
7428,0
7429,1
7430,0
7431,1
7432,1
7433,1
7434,0
7435,1
7436,0
7437,1
7438,1
7439,1
7440,1
7441,0
7442,1
7443,0
7444,0
7445,1
7446,1
7447,0
7448,1
7449,0
7450,1
7451,1
7452,0
7453,0
7454,0
7455,0
7456,0
7457,1
7458,1
7459,0
7460,1
7461,1
7462,0
7463,1
7464,1
7465,1
7466,1
7467,0
7468,0
7469,1
7470,0
7471,1
7472,1
7473,0
7474,0
7475,0
7476,0
7477,0
7478,0
7479,1
7480,1
7481,1
7482,0
7483,1
7484,1
7485,1
7486,1
7487,1
7488,0
7489,0
7490,1
7491,1
7492,1
7493,1
7494,0
7495,1
7496,0
7497,1
7498,0
7499,1
7500,1
7501,1
7502,0
7503,0
7504,1
7505,1
7506,1
7507,0
7508,0
7509,0
7510,1
7511,0
7512,0
7513,0
7514,0
7515,1
7516,0
7517,1
7518,0
7519,0
7520,1
7521,0
7522,0
7523,1
7524,1
7525,1
7526,0
7527,0
7528,0
7529,0
7530,0
7531,0
7532,1
7533,0
7534,0
7535,0
7536,0
7537,1
7538,1
7539,1
7540,1
7541,0
7542,1
7543,0
7544,0
7545,1
7546,0
7547,1
7548,1
7549,0
7550,0
7551,1
7552,0
7553,1
7554,0
7555,1
7556,1
7557,1
7558,1
7559,0
7560,0
7561,0
7562,1
7563,1
7564,1
7565,0
7566,0
7567,1
7568,0
7569,1
7570,1
7571,0
7572,0
7573,0
7574,0
7575,1
7576,0
7577,0
7578,0
7579,1
7580,1
7581,1
7582,0
7583,0
7584,0
7585,1
7586,0
7587,0
7588,0
7589,0
7590,0
7591,1
7592,0
7593,1
7594,0
7595,0
7596,0
7597,0
7598,0
7599,1
7600,1
7601,0
7602,1
7603,0
7604,0
7605,0
7606,1
7607,1
7608,0
7609,0
7610,1
7611,1
7612,1
7613,0
7614,0
7615,0
7616,0
7617,0
7618,1
7619,0
7620,1
7621,0
7622,0
7623,1
7624,0
7625,1
7626,0
7627,0
7628,0
7629,1
7630,1
7631,0
7632,0
7633,0
7634,1
7635,1
7636,0
7637,0
7638,0
7639,0
7640,1
7641,1
7642,0
7643,1
7644,0
7645,0
7646,0
7647,1
7648,1
7649,0
7650,0
7651,0
7652,0
7653,0
7654,1
7655,1
7656,0
7657,0
7658,1
7659,0
7660,0
7661,1
7662,0
7663,0
7664,0
7665,1
7666,0
7667,1
7668,0
7669,0
7670,1
7671,0
7672,1
7673,1
7674,0
7675,0
7676,1
7677,1
7678,1
7679,0
7680,1
7681,0
7682,1
7683,0
7684,0
7685,0
7686,1
7687,1
7688,0
7689,1
7690,0
7691,1
7692,0
7693,1
7694,0
7695,1
7696,0
7697,0
7698,1
7699,1
7700,0
7701,1
7702,0
7703,0
7704,1
7705,0
7706,0
7707,1
7708,0
7709,1
7710,0
7711,1
7712,1
7713,1
7714,1
7715,0
7716,1
7717,0
7718,0
7719,0
7720,0
7721,1
7722,1
7723,1
7724,1
7725,0
7726,1
7727,0
7728,1
7729,1
7730,1
7731,0
7732,1
7733,1
7734,1
7735,0
7736,1
7737,0
7738,1
7739,0
7740,0
7741,1
7742,1
7743,1
7744,0
7745,1
7746,1
7747,1
7748,1
7749,0
7750,1
7751,0
7752,0
7753,0
7754,1
7755,1
7756,1
7757,0
7758,0
7759,0
7760,1
7761,1
7762,0
7763,0
7764,1
7765,1
7766,0
7767,1
7768,1
7769,0
7770,0
7771,1
7772,0
7773,1
7774,1
7775,0
7776,1
7777,0
7778,1
7779,0
7780,1
7781,0
7782,1
7783,0
7784,1
7785,0
7786,0
7787,1
7788,1
7789,0
7790,0
7791,1
7792,0
7793,0
7794,0
7795,1
7796,1
7797,1
7798,1
7799,1
7800,0
7801,0
7802,0
7803,1
7804,0
7805,1
7806,0
7807,0
7808,1
7809,0
7810,0
7811,1
7812,1
7813,0
7814,0
7815,1
7816,1
7817,1
7818,0
7819,0
7820,1
7821,0
7822,0
7823,0
7824,0
7825,0
7826,0
7827,0
7828,0
7829,0
7830,0
7831,1
7832,0
7833,0
7834,1
7835,1
7836,0
7837,1
7838,1
7839,1
7840,0
7841,1
7842,0
7843,0
7844,1
7845,1
7846,1
7847,0
7848,1
7849,1
7850,1
7851,0
7852,1
7853,1
7854,1
7855,0
7856,1
7857,0
7858,1
7859,1
7860,0
7861,1
7862,1
7863,1
7864,1
7865,1
7866,1
7867,1
7868,1
7869,1
7870,0
7871,0
7872,0
7873,1
7874,1
7875,1
7876,1
7877,1
7878,0
7879,1
7880,1
7881,1
7882,1
7883,1
7884,0
7885,0
7886,1
7887,0
7888,0
7889,1
7890,0
7891,1
7892,0
7893,0
7894,0
7895,0
7896,1
7897,0
7898,1
7899,1
7900,0
7901,1
7902,1
7903,0
7904,1
7905,1
7906,1
7907,1
7908,0
7909,0
7910,0
7911,1
7912,1
7913,1
7914,1
7915,0
7916,0
7917,1
7918,0
7919,0
7920,0
7921,0
7922,0
7923,0
7924,0
7925,1
7926,1
7927,0
7928,1
7929,0
7930,0
7931,0
7932,1
7933,1
7934,0
7935,1
7936,0
7937,0
7938,1
7939,1
7940,1
7941,1
7942,1
7943,0
7944,0
7945,1
7946,1
7947,1
7948,0
7949,1
7950,1
7951,1
7952,0
7953,0
7954,1
7955,0
7956,0
7957,0
7958,1
7959,1
7960,0
7961,0
7962,1
7963,1
7964,1
7965,1
7966,1
7967,0
7968,0
7969,0
7970,1
7971,1
7972,0
7973,0
7974,0
7975,1
7976,0
7977,0
7978,1
7979,1
7980,0
7981,1
7982,1
7983,1
7984,1
7985,1
7986,1
7987,1
7988,1
7989,0
7990,1
7991,1
7992,1
7993,0
7994,1
7995,1
7996,1
7997,0
7998,1
7999,1
8000,0
8001,1
8002,1
8003,1
8004,1
8005,1
8006,1
8007,1
8008,1
8009,1
8010,1
8011,0
8012,0
8013,0
8014,1
8015,1
8016,1
8017,0
8018,1
8019,0
8020,1
8021,1
8022,1
8023,0
8024,1
8025,0
8026,1
8027,1
8028,1
8029,1
8030,1
8031,0
8032,1
8033,1
8034,1
8035,1
8036,1
8037,0
8038,0
8039,1
8040,1
8041,1
8042,0
8043,0
8044,1
8045,0
8046,1
8047,1
8048,1
8049,1
8050,1
8051,1
8052,1
8053,1
8054,1
8055,0
8056,1
8057,1
8058,1
8059,1
8060,1
8061,0
8062,1
8063,1
8064,1
8065,1
8066,1
8067,1
8068,1
8069,0
8070,1
8071,1
8072,1
8073,1
8074,0
8075,1
8076,0
8077,1
8078,0
8079,0
8080,1
8081,0
8082,1
8083,1
8084,1
8085,1
8086,1
8087,0
8088,1
8089,1
8090,1
8091,1
8092,1
8093,1
8094,1
8095,1
8096,1
8097,1
8098,1
8099,0
8100,0
8101,1
8102,1
8103,0
8104,0
8105,1
8106,1
8107,1
8108,1
8109,1
8110,1
8111,1
8112,1
8113,0
8114,1
8115,1
8116,1
8117,1
8118,1
8119,0
8120,1
8121,1
8122,0
8123,1
8124,1
8125,1
8126,1
8127,1
8128,0
8129,0
8130,1
8131,0
8132,1
8133,0
8134,1
8135,0
8136,0
8137,0
8138,0
8139,1
8140,0
8141,1
8142,0
8143,0
8144,0
8145,0
8146,0
8147,0
8148,1
8149,1
8150,1
8151,1
8152,0
8153,1
8154,1
8155,1
8156,1
8157,0
8158,0
8159,1
8160,0
8161,1
8162,1
8163,1
8164,0
8165,1
8166,1
8167,1
8168,0
8169,1
8170,1
8171,1
8172,0
8173,1
8174,0
8175,1
8176,0
8177,0
8178,0
8179,0
8180,0
8181,1
8182,1
8183,0
8184,0
8185,1
8186,1
8187,1
8188,0
8189,0
8190,1
8191,0
8192,1
8193,1
8194,0
8195,1
8196,0
8197,1
8198,1
8199,1
8200,1
8201,1
8202,1
8203,1
8204,1
8205,1
8206,0
8207,1
8208,0
8209,0
8210,1
8211,1
8212,0
8213,0
8214,1
8215,0
8216,1
8217,0
8218,1
8219,0
8220,1
8221,1
8222,1
8223,0
8224,1
8225,1
8226,1
8227,1
8228,1
8229,0
8230,1
8231,0
8232,1
8233,0
8234,1
8235,1
8236,1
8237,1
8238,0
8239,0
8240,1
8241,1
8242,0
8243,1
8244,1
8245,0
8246,0
8247,1
8248,1
8249,1
8250,1
8251,1
8252,1
8253,1
8254,0
8255,1
8256,1
8257,1
8258,1
8259,1
8260,1
8261,0
8262,1
8263,1
8264,1
8265,1
8266,1
8267,1
8268,1
8269,1
8270,1
8271,0
8272,0
8273,0
8274,0
8275,1
8276,1
8277,1
8278,1
8279,1
8280,1
8281,1
8282,0
8283,0
8284,0
8285,0
8286,1
8287,0
8288,1
8289,1
8290,1
8291,1
8292,0
8293,0
8294,1
8295,0
8296,1
8297,0
8298,1
8299,0
8300,1
8301,1
8302,1
8303,1
8304,0
8305,0
8306,0
8307,0
8308,0
8309,1
8310,1
8311,1
8312,1
8313,0
8314,0
8315,1
8316,1
8317,1
8318,0
8319,1
8320,1
8321,1
8322,0
8323,1
8324,1
8325,1
8326,1
8327,1
8328,1
8329,1
8330,1
8331,0
8332,1
8333,1
